id;year;party_id;party;type_id;type;källa;titel
all-2006-v;2006;all;Alliansen;v;Valmanifest - Riksdagsval;Hämtat från partiets officiella hemsida.;Fler i arbete - Mer att dela på. Valmanifest 2006. Allians för Sverige
all-2010-v;2010;all;Alliansen;v;Valmanifest - Riksdagsval;Hämtat från partiets officiella hemsida.;Jobbmanifestet. Alliansens valmanifest 2010-2014 
all-2014-v;2014;all;Alliansen;v;Valmanifest - Riksdagsval;Hämtat från partiets officiella hemsida.;Vi bygger Sverige - Alliansens valmanifest 2014-2018
all-2018-r;2018;all;Alliansen;r;Reformagenda;Hämtat från partiets officiella hemsida.;Alliansens reformagenda
c-1912-p;1912;c;Centerpartiet;p;Partiprogram;Dokumentet är hämtat från riksdagens bibliotek.;Bondeförbundets program 1912
c-1917-v;1917;c;Centerpartiet;v;Valmanifest - Riksdagsval;"Hämtat från ""Svenska valprogram 1902-1952"", sammanställda av Sven-Olov Håkansson vid Statsvetenskapliga inst. Göteborgs universitet 1959. ISBN 99-0391724-4";Bondeförbundets valprogram hösten 1917
c-1919-p;1919;c;Centerpartiet;p;Partiprogram;Dokumentet är hämtat från riksdagens bibliotek.;Grundprogram och stadgar för Bondeförbundet
c-1920-v;1920;c;Centerpartiet;v;Valmanifest - Riksdagsval;"Hämtat från ""Svenska valprogram 1902-1952"", sammanställda av Sven-Olov Håkansson vid Statsvetenskapliga inst. Göteborgs universitet 1959. ISBN 99-0391724-4";Bondeförbundets valprogram 1920 - Till Sveriges jordbruksbefolkning
c-1921-v;1921;c;Centerpartiet;v;Valmanifest - Riksdagsval;"Hämtat från ""Svenska valprogram 1902-1952"", sammanställda av Sven-Olov Håkansson vid Statsvetenskapliga inst. Göteborgs universitet 1959. ISBN 99-0391724-4";Bondeförbundets valprogram 1921
c-1924-v;1924;c;Centerpartiet;v;Valmanifest - Riksdagsval;"Hämtat från ""Svenska valprogram 1902-1952"", sammanställda av Sven-Olov Håkansson vid Statsvetenskapliga inst. Göteborgs universitet 1959. ISBN 99-0391724-4";Bondeförbundets valprogram 1924 - Till landsbygdens folk
c-1928-v;1928;c;Centerpartiet;v;Valmanifest - Riksdagsval;"Hämtat från ""Svenska valprogram 1902-1952"", sammanställda av Sven-Olov Håkansson vid Statsvetenskapliga inst. Göteborgs universitet 1959. ISBN 99-0391724-4";Bondeförbundets valmanifest 1928
c-1932-v;1932;c;Centerpartiet;v;Valmanifest - Riksdagsval;"Hämtat från ""Svenska valprogram 1902-1952"", sammanställda av Sven-Olov Håkansson vid Statsvetenskapliga inst. Göteborgs universitet 1959. ISBN 99-0391724-4";Bondeförbundets valmanifest 1932
c-1933-p;1933;c;Centerpartiet;p;Partiprogram;Dokumentet är hämtat från riksdagens bibliotek.;Bondeförbundets grundprogram 1933
c-1936-v;1936;c;Centerpartiet;v;Valmanifest - Riksdagsval;"Hämtat från ""Svenska valprogram 1902-1952"", sammanställda av Sven-Olov Håkansson vid Statsvetenskapliga inst. Göteborgs universitet 1959. ISBN 99-0391724-4";Bondeförbundets valprogram 1936 - Till Sveriges folk, män och kvinnor, unga och gamla!
c-1940-v;1940;c;Centerpartiet;v;Valmanifest - Riksdagsval;"Hämtat från ""Svenska valprogram 1902-1952"", sammanställda av Sven-Olov Håkansson vid Statsvetenskapliga inst. Göteborgs universitet 1959. ISBN 99-0391724-4";Bondeförbundets valprogram 1940 - Till Sveriges folk, män och kvinnor, unga och gamla!
c-1944-h;1944;c;Centerpartiet;h;Handlingsprogram;Dokumentet är hämtat från riksdagens bibliotek.;Handlingsprogram för Landsbygdspartiet Bondeförbundet 1944
c-1944-v;1944;c;Centerpartiet;v;Valmanifest - Riksdagsval;"Hämtat från ""Svenska valprogram 1902-1952"", sammanställda av Sven-Olov Håkansson vid Statsvetenskapliga inst. Göteborgs universitet 1959. ISBN 99-0391724-4";Valprogram för Landsbygdspartiet Bondeförbundet 1944
c-1946-p;1946;c;Centerpartiet;p;Partiprogram;Dokumentet är hämtat från riksdagens bibliotek.;Landsbygdspartiet Bondeförbundets grundprogram 1946
c-1948-v;1948;c;Centerpartiet;v;Valmanifest - Riksdagsval;"Hämtat från ""Svenska valprogram 1902-1952"", sammanställda av Sven-Olov Håkansson vid Statsvetenskapliga inst. Göteborgs universitet 1959. ISBN 99-0391724-4";Valprogram för Landsbygdspartiet Bondeförbundet vid Riksdagsmannavalet 1948
c-1951-h;1951;c;Centerpartiet;h;Handlingsprogram;Dokumentet är hämtat från riksdagens bibliotek.;Handlingsprogram för Landsbygdspartiet Bondeförbundet 1951
c-1952-v;1952;c;Centerpartiet;v;Valmanifest - Riksdagsval;"Hämtat från ""Svenska valprogram 1902-1952"", sammanställda av Sven-Olov Håkansson vid Statsvetenskapliga inst. Göteborgs universitet 1959. ISBN 99-0391724-4";Valprogram för Landsbygdspartiet Bondeförbundet 1952
c-1956-v;1956;c;Centerpartiet;v;Valmanifest - Riksdagsval;"Hämtat från forskningsprojektet ""Partiernas opinionspåverkan"", finansierat av HSFR, juli 1991-juni 1994. Peter Esaiasson och Niclas Håkansson, Statsvetenskapliga institiutionen vid Göteborgs universitet.";Valprogram för Landsbygdspartiet Bondeförbundet 1956
c-1958-v;1958;c;Centerpartiet;v;Valmanifest - Riksdagsval;"Hämtat från forskningsprojektet ""Partiernas opinionspåverkan"", finansierat av HSFR, juli 1991-juni 1994. Peter Esaiasson och Niclas Håkansson, Statsvetenskapliga institiutionen vid Göteborgs universitet.";Centerpartiet Bondeförbundets valprogram vid nyvalet till riksdagens andra kammare 1958
c-1959-p;1959;c;Centerpartiet;p;Partiprogram;Dokumentet är hämtat från riksdagens bibliotek.;Centerpartiets program
c-1960-v;1960;c;Centerpartiet;v;Valmanifest - Riksdagsval;"Hämtat från forskningsprojektet ""Partiernas opinionspåverkan"", finansierat av HSFR, juli 1991-juni 1994. Peter Esaiasson och Niclas Håkansson, Statsvetenskapliga institiutionen vid Göteborgs universitet.";Centerpartiets valprogram inför valet den 18 september 1960
c-1964-v;1964;c;Centerpartiet;v;Valmanifest - Riksdagsval;"Hämtat från forskningsprojektet ""Partiernas opinionspåverkan"", finansierat av HSFR, juli 1991-juni 1994. Peter Esaiasson och Niclas Håkansson, Statsvetenskapliga institiutionen vid Göteborgs universitet.";Centerns valprogram 1964
c-1968-v;1968;c;Centerpartiet;v;Valmanifest - Riksdagsval;"Hämtat från forskningsprojektet ""Partiernas opinionspåverkan"", finansierat av HSFR, juli 1991-juni 1994. Peter Esaiasson och Niclas Håkansson, Statsvetenskapliga institiutionen vid Göteborgs universitet.";Valprogrammet 68 Centern
c-1970-p;1970;c;Centerpartiet;p;Partiprogram;Dokumentet är hämtat från riksdagens bibliotek.;Jämlikhet och trygghet i ett decentraliserat samhälle
c-1970-v;1970;c;Centerpartiet;v;Valmanifest - Riksdagsval;"Hämtat från forskningsprojektet ""Partiernas opinionspåverkan"", finansierat av HSFR, juli 1991-juni 1994. Peter Esaiasson och Niclas Håkansson, Statsvetenskapliga institiutionen vid Göteborgs universitet.";Målet är jämlikhet och decentralisering
c-1973-v;1973;c;Centerpartiet;v;Valmanifest - Riksdagsval;"Hämtat från forskningsprojektet ""Partiernas opinionspåverkan"", finansierat av HSFR, juli 1991-juni 1994. Peter Esaiasson och Niclas Håkansson, Statsvetenskapliga institiutionen vid Göteborgs universitet.";Framtidspolitik i 40 punkter
c-1976-v;1976;c;Centerpartiet;v;Valmanifest - Riksdagsval;"Hämtat från forskningsprojektet ""Partiernas opinionspåverkan"", finansierat av HSFR, juli 1991-juni 1994. Peter Esaiasson och Niclas Håkansson, Statsvetenskapliga institiutionen vid Göteborgs universitet.";Centerns valprogram 1976
c-1979-v;1979;c;Centerpartiet;v;Valmanifest - Riksdagsval;"Hämtat från forskningsprojektet ""Partiernas opinionspåverkan"", finansierat av HSFR, juli 1991-juni 1994. Peter Esaiasson och Niclas Håkansson, Statsvetenskapliga institiutionen vid Göteborgs universitet.";70 punkter inför valet den 16 september 1979
c-1981-p;1981;c;Centerpartiet;p;Partiprogram;Dokumentet är hämtat från riksdagens bibliotek.;Centerpartiets partiprogram 1981
c-1982-v;1982;c;Centerpartiet;v;Valmanifest - Riksdagsval;"Hämtat från forskningsprojektet ""Partiernas opinionspåverkan"", finansierat av HSFR, juli 1991-juni 1994. Peter Esaiasson och Niclas Håkansson, Statsvetenskapliga institiutionen vid Göteborgs universitet.";Gemenskap där alla behövs
c-1985-v;1985;c;Centerpartiet;v;Valmanifest - Riksdagsval;"Hämtat från forskningsprojektet ""Partiernas opinionspåverkan"", finansierat av HSFR, juli 1991-juni 1994. Peter Esaiasson och Niclas Håkansson, Statsvetenskapliga institiutionen vid Göteborgs universitet.";Med centern för framtiden
c-1988-v;1988;c;Centerpartiet;v;Valmanifest - Riksdagsval;"Hämtat från forskningsprojektet ""Partiernas opinionspåverkan"", finansierat av HSFR, juli 1991-juni 1994. Peter Esaiasson och Niclas Håkansson, Statsvetenskapliga institiutionen vid Göteborgs universitet.";Centern. Valprogram 1989-1991
c-1990-p;1990;c;Centerpartiet;p;Partiprogram;Antaget av extra riksstämma i Västerås den 26 - 27 oktober 1990;Centerpartiets partiprogram 1990
c-1991-v;1991;c;Centerpartiet;v;Valmanifest - Riksdagsval;"Hämtat från forskningsprojektet ""Partiernas opinionspåverkan"", finansierat av HSFR, juli 1991-juni 1994. Peter Esaiasson och Niclas Håkansson, Statsvetenskapliga institiutionen vid Göteborgs universitet.";I hela folkets intresse
c-1994-v;1994;c;Centerpartiet;v;Valmanifest - Riksdagsval;"Hämtat från forskningsprojektet ""Partiernas opinionspåverkan"", finansierat av HSFR, juli 1991-juni 1994. Peter Esaiasson och Niclas Håkansson, Statsvetenskapliga institiutionen vid Göteborgs universitet.";På grön kvist
c-1998-v;1998;c;Centerpartiet;v;Valmanifest - Riksdagsval;Hämtat från partiets officiella hemsida.;Nya mitten - tillsammans lyfter vi Sverige
c-2001-i;2001;c;Centerpartiet;i;Idéprogram;Centerpartiets idéprogram antaget i Västervik 19 juni 2001;Där människor får växa
c-2002-v;2002;c;Centerpartiet;v;Valmanifest - Riksdagsval;Hämtat från partiets officiella hemsida.;På lika villkor!
c-2006-v;2006;c;Centerpartiet;v;Valmanifest - Riksdagsval;Hämtat från partiets officiella hemsida.;För fler jobb, förnyad välfärd och god miljö - Centerpartiets valmanifest 2006
c-2009-v_eu;2009;c;Centerpartiet;v_eu;Valmanifest - Europaval;Hämtat från partiets officiella hemsida.;Europas förenta krafter
c-2010-v;2010;c;Centerpartiet;v;Valmanifest - Riksdagsval;Hämtat från partiets officiella hemsida.;Framtiden tillhör dem som vågar - Fler jobb i nya och växande företag, förnyad välfärd och god miljö
c-2013-i;2013;c;Centerpartiet;i;Idéprogram;Hämtat från partiets officiella hemsida.;En hållbar framtid - Våra idéer gör skillnad 
c-2014-v;2014;c;Centerpartiet;v;Valmanifest - Riksdagsval;Hämtat från partiets officiella hemsida.;Sverige behöver närodlad politik
c-2014-v_eu;2014;c;Centerpartiet;v_eu;Valmanifest - Europaval;Hämtat från partiets officiella hemsida.;Ett smalare men vassare EU
c-2018-v;2018;c;Centerpartiet;v;Valmanifest - Riksdagsval;Hämtat från partiets officiella hemsida.;Nytt ledarskap för Sverige framåt - valmanifest 2018 + Nytt ledarskap för Sverige - valplattform 2018
c-2018-v_eu;2018;c;Centerpartiet;v_eu;Valmanifest - Europaval;Hämtat från partiets officiella hemsida.;Framåt för ett grönt, demokratiskt och frihetligt Europa. Valplattform för EP-valet
c-2022-v;2022;c;Centerpartiet;v;Valmanifest - Riksdagsval;Hämtat från partiets officiella hemsida.;För Sveriges bästa - Valmanifest 2022
fi-2006-v;2006;fi;Feministiskt initiativ;v;Valmanifest - Riksdagsval;Hämtat från partiets officiella hemsida.;Valmanifest för Feministiskt initiativ 2006
fi-2010-v;2010;fi;Feministiskt initiativ;v;Valmanifest - Riksdagsval;Hämtat från partiets officiella hemsida.;Valmanifest för Feministiskt initiativ 2010
fi-2013-p;2013;fi;Feministiskt initiativ;p;Partiprogram;Hämtat från partiets officiella hemsida.;För en feministisk politik - Feministiskt initiativ 2013
fi-2014-v;2014;fi;Feministiskt initiativ;v;Valmanifest - Riksdagsval;Hämtat från partiets officiella hemsida.;Feminism för alla. Feministiskt initiativ - Valplatform riksdag 2014
fi-2014-v_eu;2014;fi;Feministiskt initiativ;v_eu;Valmanifest - Europaval;Hämtat från partiets officiella hemsida.;Det är skarpt läge! Ut med rasisterna - in med feministerna!
fi-2018-v;2018;fi;Feministiskt initiativ;v;Valmanifest - Riksdagsval;Hämtat från partiets officiella hemsida.;Feministiskt initiativ valplattform 2018
fi-2019-p;2019;fi;Feministiskt initiativ;p;Partiprogram;Hämtat från partiets officiella hemsida.;För en feministisk politik - Partiprogram för Feministiskt Initiativ 2019-2021
fi-2022-v;2022;fi;Feministiskt initiativ;v;Valmanifest - Riksdagsval;Hämtat från partiets officiella hemsida.;Med omsorg för alla liv och allt - Feministiskt iniciativs valplattform 2022
fp-1902-v;1902;fp;Folkpartiet liberalerna;v;Valmanifest - Riksdagsval;"Hämtat från ""Svenska valprogram 1902-1952"", sammanställda av Sven-Olov Håkansson vid Statsvetenskapliga inst. Göteborgs universitet 1959. ISBN 99-0391724-4";Frisinnade landsföreningens valprogram 1902
fp-1905-v;1905;fp;Folkpartiet liberalerna;v;Valmanifest - Riksdagsval;"Hämtat från ""Svenska valprogram 1902-1952"", sammanställda av Sven-Olov Håkansson vid Statsvetenskapliga inst. Göteborgs universitet 1959. ISBN 99-0391724-4";Frisinnade landsföreningens valprogram 1905
fp-1908-v;1908;fp;Folkpartiet liberalerna;v;Valmanifest - Riksdagsval;"Hämtat från ""Svenska valprogram 1902-1952"", sammanställda av Sven-Olov Håkansson vid Statsvetenskapliga inst. Göteborgs universitet 1959. ISBN 99-0391724-4";Det frisinnade valprogrammet 1908
fp-1911-v;1911;fp;Folkpartiet liberalerna;v;Valmanifest - Riksdagsval;"Hämtat från ""Svenska valprogram 1902-1952"", sammanställda av Sven-Olov Håkansson vid Statsvetenskapliga inst. Göteborgs universitet 1959. ISBN 99-0391724-4";Frisinnade landsföreningens valupprop 1911
fp-1914-v_a;1914;fp;Folkpartiet liberalerna;v_a;Valmanifest - Riksdagsval;"Hämtat från ""Svenska valprogram 1902-1952"", sammanställda av Sven-Olov Håkansson vid Statsvetenskapliga inst. Göteborgs universitet 1959. ISBN 99-0391724-4";Frisinnade landsföreningens valupprop våren 1914
fp-1914-v_b;1914;fp;Folkpartiet liberalerna;v_b;Valmanifest - Riksdagsval;"Hämtat från ""Svenska valprogram 1902-1952"", sammanställda av Sven-Olov Håkansson vid Statsvetenskapliga inst. Göteborgs universitet 1959. ISBN 99-0391724-4";Frisinnade landsföreningens valupprop till septembervalen 1914
fp-1917-v;1917;fp;Folkpartiet liberalerna;v;Valmanifest - Riksdagsval;"Hämtat från ""Svenska valprogram 1902-1952"", sammanställda av Sven-Olov Håkansson vid Statsvetenskapliga inst. Göteborgs universitet 1959. ISBN 99-0391724-4";Frisinnade landsföreningens valprogram 1917
fp-1920-v;1920;fp;Folkpartiet liberalerna;v;Valmanifest - Riksdagsval;"Hämtat från ""Svenska valprogram 1902-1952"", sammanställda av Sven-Olov Håkansson vid Statsvetenskapliga inst. Göteborgs universitet 1959. ISBN 99-0391724-4";Frisinnade landsföreningens valprogram 1920
fp-1921-v;1921;fp;Folkpartiet liberalerna;v;Valmanifest - Riksdagsval;"Hämtat från ""Svenska valprogram 1902-1952"", sammanställda av Sven-Olov Håkansson vid Statsvetenskapliga inst. Göteborgs universitet 1959. ISBN 99-0391724-4";Frisinnade landsföreningens valprogram 1921
fp-1924-v;1924;fp;Folkpartiet liberalerna;v;Valmanifest - Riksdagsval;"Hämtat från ""Svenska valprogram 1902-1952"", sammanställda av Sven-Olov Håkansson vid Statsvetenskapliga inst. Göteborgs universitet 1959. ISBN 99-0391724-4";Frisinnade folkpartiets valprogram 1924
fp-1928-v;1928;fp;Folkpartiet liberalerna;v;Valmanifest - Riksdagsval;"Hämtat från ""Svenska valprogram 1902-1952"", sammanställda av Sven-Olov Håkansson vid Statsvetenskapliga inst. Göteborgs universitet 1959. ISBN 99-0391724-4";Det frisinnade folkpartiets valprogram 1928
fp-1932-v;1932;fp;Folkpartiet liberalerna;v;Valmanifest - Riksdagsval;"Hämtat från ""Svenska valprogram 1902-1952"", sammanställda av Sven-Olov Håkansson vid Statsvetenskapliga inst. Göteborgs universitet 1959. ISBN 99-0391724-4";Till Sverges folk!
fp-1934-p;1934;fp;Folkpartiet liberalerna;p;Partiprogram;;Folkpartiets program 1934
fp-1936-v;1936;fp;Folkpartiet liberalerna;v;Valmanifest - Riksdagsval;"Hämtat från ""Svenska valprogram 1902-1952"", sammanställda av Sven-Olov Håkansson vid Statsvetenskapliga inst. Göteborgs universitet 1959. ISBN 99-0391724-4";Svenska Medborgare!
fp-1940-v;1940;fp;Folkpartiet liberalerna;v;Valmanifest - Riksdagsval;"Hämtat från ""Svenska valprogram 1902-1952"", sammanställda av Sven-Olov Håkansson vid Statsvetenskapliga inst. Göteborgs universitet 1959. ISBN 99-0391724-4";Folkpartiets valmanifest 1940
fp-1944-p;1944;fp;Folkpartiet liberalerna;p;Partiprogram;Dokumentet kommer från Göteborgs universitetsbibliotek.;Folkpartiets program 1944
fp-1944-v;1944;fp;Folkpartiet liberalerna;v;Valmanifest - Riksdagsval;"Hämtat från ""Svenska valprogram 1902-1952"", sammanställda av Sven-Olov Håkansson vid Statsvetenskapliga inst. Göteborgs universitet 1959. ISBN 99-0391724-4";Folkpartiets valmanifest 1944
fp-1948-v;1948;fp;Folkpartiet liberalerna;v;Valmanifest - Riksdagsval;"Hämtat från ""Svenska valprogram 1902-1952"", sammanställda av Sven-Olov Håkansson vid Statsvetenskapliga inst. Göteborgs universitet 1959. ISBN 99-0391724-4";Folkpartiets valmanifest 1948
fp-1952-v;1952;fp;Folkpartiet liberalerna;v;Valmanifest - Riksdagsval;"Hämtat från ""Svenska valprogram 1902-1952"", sammanställda av Sven-Olov Håkansson vid Statsvetenskapliga inst. Göteborgs universitet 1959. ISBN 99-0391724-4";Folkpartiets valmanifest 1952
fp-1956-v;1956;fp;Folkpartiet liberalerna;v;Valmanifest - Riksdagsval;"Hämtat från forskningsprojektet ""Partiernas opinionspåverkan"", finansierat av HSFR, juli 1991-juni 1994. Peter Esaiasson och Niclas Håkansson, Statsvetenskapliga institiutionen vid Göteborgs universitet.";Folkpartiets handlingsprogram inför 1956 års val
fp-1958-v;1958;fp;Folkpartiet liberalerna;v;Valmanifest - Riksdagsval;"Hämtat från forskningsprojektet ""Partiernas opinionspåverkan"", finansierat av HSFR, juli 1991-juni 1994. Peter Esaiasson och Niclas Håkansson, Statsvetenskapliga institiutionen vid Göteborgs universitet.";Folkpartiets valmanifest 1958
fp-1960-v;1960;fp;Folkpartiet liberalerna;v;Valmanifest - Riksdagsval;"Hämtat från forskningsprojektet ""Partiernas opinionspåverkan"", finansierat av HSFR, juli 1991-juni 1994. Peter Esaiasson och Niclas Håkansson, Statsvetenskapliga institiutionen vid Göteborgs universitet.";Möjligheternas årtionde
fp-1962-p;1962;fp;Folkpartiet liberalerna;p;Partiprogram;Dokumentet kommer från Göteborgs universitetsbibliotek.;Folkpartiets program 1962
fp-1964-v;1964;fp;Folkpartiet liberalerna;v;Valmanifest - Riksdagsval;"Hämtat från forskningsprojektet ""Partiernas opinionspåverkan"", finansierat av HSFR, juli 1991-juni 1994. Peter Esaiasson och Niclas Håkansson, Statsvetenskapliga institiutionen vid Göteborgs universitet.";Maktfullkomligheten måste bekämpas
fp-1968-v;1968;fp;Folkpartiet liberalerna;v;Valmanifest - Riksdagsval;"Hämtat från forskningsprojektet ""Partiernas opinionspåverkan"", finansierat av HSFR, juli 1991-juni 1994. Peter Esaiasson och Niclas Håkansson, Statsvetenskapliga institiutionen vid Göteborgs universitet.";Din röst på folkpartiet ger resultat
fp-1970-v;1970;fp;Folkpartiet liberalerna;v;Valmanifest - Riksdagsval;"Hämtat från forskningsprojektet ""Partiernas opinionspåverkan"", finansierat av HSFR, juli 1991-juni 1994. Peter Esaiasson och Niclas Håkansson, Statsvetenskapliga institiutionen vid Göteborgs universitet.";Folkpartiets valmanifest 1970
fp-1972-p;1972;fp;Folkpartiet liberalerna;p;Partiprogram;Dokumentet kommer från Göteborgs universitetsbibliotek.;Socialliberal kurs
fp-1973-v;1973;fp;Folkpartiet liberalerna;v;Valmanifest - Riksdagsval;"Hämtat från forskningsprojektet ""Partiernas opinionspåverkan"", finansierat av HSFR, juli 1991-juni 1994. Peter Esaiasson och Niclas Håkansson, Statsvetenskapliga institiutionen vid Göteborgs universitet.";Folkpartiets valmanifest 1973
fp-1976-v;1976;fp;Folkpartiet liberalerna;v;Valmanifest - Riksdagsval;"Hämtat från forskningsprojektet ""Partiernas opinionspåverkan"", finansierat av HSFR, juli 1991-juni 1994. Peter Esaiasson och Niclas Håkansson, Statsvetenskapliga institiutionen vid Göteborgs universitet.";Sociala reformer utan socialism
fp-1979-v;1979;fp;Folkpartiet liberalerna;v;Valmanifest - Riksdagsval;"Hämtat från forskningsprojektet ""Partiernas opinionspåverkan"", finansierat av HSFR, juli 1991-juni 1994. Peter Esaiasson och Niclas Håkansson, Statsvetenskapliga institiutionen vid Göteborgs universitet.";Ansvar och samförstånd
fp-1982-p;1982;fp;Folkpartiet liberalerna;p;Partiprogram;Dokumentet kommer från Göteborgs universitetsbibliotek.;Liberalismen
fp-1982-v;1982;fp;Folkpartiet liberalerna;v;Valmanifest - Riksdagsval;"Hämtat från forskningsprojektet ""Partiernas opinionspåverkan"", finansierat av HSFR, juli 1991-juni 1994. Peter Esaiasson och Niclas Håkansson, Statsvetenskapliga institiutionen vid Göteborgs universitet.";För frihet och rättvisa
fp-1985-v;1985;fp;Folkpartiet liberalerna;v;Valmanifest - Riksdagsval;"Hämtat från forskningsprojektet ""Partiernas opinionspåverkan"", finansierat av HSFR, juli 1991-juni 1994. Peter Esaiasson och Niclas Håkansson, Statsvetenskapliga institiutionen vid Göteborgs universitet.";Ny kurs för Sverige
fp-1988-v;1988;fp;Folkpartiet liberalerna;v;Valmanifest - Riksdagsval;"Hämtat från forskningsprojektet ""Partiernas opinionspåverkan"", finansierat av HSFR, juli 1991-juni 1994. Peter Esaiasson och Niclas Håkansson, Statsvetenskapliga institiutionen vid Göteborgs universitet.";Det behövs både hjärta och hjärna i politiken
fp-1990-p;1990;fp;Folkpartiet liberalerna;p;Partiprogram;Dokumentet kommer från Göteborgs universitetsbibliotek.;Liberalismens grunder
fp-1991-v;1991;fp;Folkpartiet liberalerna;v;Valmanifest - Riksdagsval;"Hämtat från forskningsprojektet ""Partiernas opinionspåverkan"", finansierat av HSFR, juli 1991-juni 1994. Peter Esaiasson och Niclas Håkansson, Statsvetenskapliga institiutionen vid Göteborgs universitet.";Det nya Sverige. Ett liberalare Sverige.
fp-1994-v;1994;fp;Folkpartiet liberalerna;v;Valmanifest - Riksdagsval;"Hämtat från forskningsprojektet ""Partiernas opinionspåverkan"", finansierat av HSFR, juli 1991-juni 1994. Peter Esaiasson och Niclas Håkansson, Statsvetenskapliga institiutionen vid Göteborgs universitet.";Liberalt valprogram 1994
fp-1997-p;1997;fp;Folkpartiet liberalerna;p;Partiprogram;Hämtat från partiets officiella hemsida.;Liberalismen
fp-1998-v;1998;fp;Folkpartiet liberalerna;v;Valmanifest - Riksdagsval;Hämtat från partiets officiella hemsida.;Mänskligare Sverige
fp-1999-p;1999;fp;Folkpartiet liberalerna;p;Partiprogram;Hämtat från partiets officiella hemsida.;Liberalismen
fp-2001-p;2001;fp;Folkpartiet liberalerna;p;Partiprogram;;Frihet att växa - Folkpartiet liberalernas partiprogram 2001
fp-2002-v;2002;fp;Folkpartiet liberalerna;v;Valmanifest - Riksdagsval;Hämtat från partiets officiella hemsida.;Ett parti som vågar utmana
fp-2003-p;2003;fp;Folkpartiet liberalerna;p;Partiprogram;Hämtat från partiets officiella hemsida.;Frihet att växa - Folkpartiet liberalernas partiprogram 2003
fp-2006-v;2006;fp;Folkpartiet liberalerna;v;Valmanifest - Riksdagsval;Hämtat från partiets officiella hemsida.;En socialliberal modell i globaliseringens tid 
fp-2007-p;2007;fp;Folkpartiet liberalerna;p;Partiprogram;Hämtat från partiets officiella hemsida.;Frihet att växa - Folkpartiet liberalernas partiprogram 2007 
fp-2009-p;2009;fp;Folkpartiet liberalerna;p;Partiprogram;Hämtat från partiets officiella hemsida.;Folkpartiet liberalernas partiprogram 2009
fp-2010-v;2010;fp;Folkpartiet liberalerna;v;Valmanifest - Riksdagsval;Hämtat från partiets officiella hemsida.;Folkpartiet liberalernas valmanifest 2010 - Utmaningar efter valsegern
fp-2013-p;2013;fp;Folkpartiet liberalerna;p;Partiprogram;Hämtat från partiets officiella hemsida.;Frihet i globaliseringens tid - Partiprogram antaget vid landsmötet 2013
fp-2014-v;2014;fp;Folkpartiet liberalerna;v;Valmanifest - Riksdagsval;Hämtat från partiets officiella hemsida.;Rösta för skolan - Folkpartiet liberalernas valmanifest 2014
fp-2014-v_eu;2014;fp;Folkpartiet liberalerna;v_eu;Valmanifest - Europaval;Hämtat från partiets officiella hemsida.;Ja till Europa - Manifest inför EU-valet för Sveriges mest Europavänliga parti
jr-1917-v;1917;jr;Jordbrukarnas riksförbund;v;Valmanifest - Riksdagsval;"Hämtat från ""Svenska valprogram 1902-1952"", sammanställda av Sven-Olov Håkansson vid Statsvetenskapliga inst. Göteborgs universitet 1959. ISBN 99-0391724-4";Till Sveriges jordbruksarbetare, torpare, småbrukare och bönder
jr-1920-v;1920;jr;Jordbrukarnas riksförbund;v;Valmanifest - Riksdagsval;"Hämtat från ""Svenska valprogram 1902-1952"", sammanställda av Sven-Olov Håkansson vid Statsvetenskapliga inst. Göteborgs universitet 1959. ISBN 99-0391724-4";Jordbrukarnas riksförbunds valprogram 1920 - Rikets grundvalar
k_h-1924-v;1924;k_h;Sverges Kommunistiska Parti (Höglund);v;Valmanifest - Riksdagsval;"Hämtat från ""Svenska valprogram 1902-1952"", sammanställda av Sven-Olov Håkansson vid Statsvetenskapliga inst. Göteborgs universitet 1959. ISBN 99-0391724-4";Till Sveriges arbetare- och bondeklass.
k_k-1932-v;1932;k_k;Sverges Kommunistiska Parti (Kilbom);v;Valmanifest - Riksdagsval;"Hämtat från ""Svenska valprogram 1902-1952"", sammanställda av Sven-Olov Håkansson vid Statsvetenskapliga inst. Göteborgs universitet 1959. ISBN 99-0391724-4";Appell till landets industri-, skogs- och lantarbetare, fiskarbefolkning och arbetande jordbrukare samt intellektuella i betryckt ställning
kd-1964-p;1964;kd;Kristdemokraterna;p;Partiprogram;Inskannat från partiets egna tryckta material;Kristen Demokratisk Samling - en presentation
kd-1973-p;1973;kd;Kristdemokraterna;p;Partiprogram;Inskannat från partiets egna tryckta material;Ett program för samhällsgemenskap
kd-1979-p;1979;kd;Kristdemokraterna;p;Partiprogram;Inskannat från partiets egna tryckta material;Kristen Demokratisk Samling - Partiprogram 1979
kd-1984-p;1984;kd;Kristdemokraterna;p;Partiprogram;Inskannat från partiets egna tryckta material;Kristen Demokratisk Samling - Partiprogram 1984
kd-1987-p;1987;kd;Kristdemokraterna;p;Partiprogram;Inskannat från partiets egna tryckta material;Kristdemokratiska Samhällspartiet - Partiprogram 1987
kd-1988-v;1988;kd;Kristdemokraterna;v;Valmanifest - Riksdagsval;"Hämtat från forskningsprojektet ""Partiernas opinionspåverkan"", finansierat av HSFR, juli 1991-juni 1994. Peter Esaiasson och Niclas Håkansson, Statsvetenskapliga institiutionen vid Göteborgs universitet.";Kristdemokraternas valmanifest 1988
kd-1991-v;1991;kd;Kristdemokraterna;v;Valmanifest - Riksdagsval;"Hämtat från forskningsprojektet ""Partiernas opinionspåverkan"", finansierat av HSFR, juli 1991-juni 1994. Peter Esaiasson och Niclas Håkansson, Statsvetenskapliga institiutionen vid Göteborgs universitet.";För gemenskap och människovärde. Valmanifest från kristdemokraterna - mandatperioden 1991-1994
kd-1993-c;1993;kd;Kristdemokraterna;c;Principprogram;Hämtat från partiets officiella hemsida.;Principprogram för gemenskap och människovärde
kd-1994-v;1994;kd;Kristdemokraterna;v;Valmanifest - Riksdagsval;"Hämtat från forskningsprojektet ""Partiernas opinionspåverkan"", finansierat av HSFR, juli 1991-juni 1994. Peter Esaiasson och Niclas Håkansson, Statsvetenskapliga institiutionen vid Göteborgs universitet.";Valmanifest från kristdemokraterna - mandatperioden 1994-1998
kd-1998-v;1998;kd;Kristdemokraterna;v;Valmanifest - Riksdagsval;Hämtat från partiets officiella hemsida.;Valmanifest för ett tryggare och friare Sverige
kd-2001-c;2001;kd;Kristdemokraterna;c;Principprogram;Hämtat från partiets officiella hemsida.;Kristdemokraternas principprogram 2001
kd-2002-v;2002;kd;Kristdemokraterna;v;Valmanifest - Riksdagsval;Hämtat från partiets officiella hemsida.;Tid för förändring. Tid för handling.
kd-2006-v;2006;kd;Kristdemokraterna;v;Valmanifest - Riksdagsval;Hämtat från partiets officiella hemsida.;Garantibevis till Dig som väljare inför valet 2006
kd-2010-v;2010;kd;Kristdemokraterna;v;Valmanifest - Riksdagsval;Hämtat från partiets officiella hemsida.;13 steg och 89 vallöften för ett mänskligare Sverige
kd-2013-p_eu;2013;kd;Kristdemokraterna;p_eu;Partiprogram - EU;Hämtat från partiets officiella hemsida.;Kristdemokraternas Europapolitiska program inför Europavalet 2014
kd-2014-v;2014;kd;Kristdemokraterna;v;Valmanifest - Riksdagsval;Hämtat från partiets officiella hemsida.;Frihet och gemenskap - Kristdemokraternas valmanifest 2014
kd-2014-v_eu;2014;kd;Kristdemokraterna;v_eu;Valmanifest - Europaval;Hämtat från partiets officiella hemsida.;Vår agenda i Bryssel - Kristdemokraternas valmanifest inför Europaparlamentsvalet 2014
kd-2015-c;2015;kd;Kristdemokraterna;c;Principprogram;Hämtat från partiets officiella hemsida.;Kristdemokraternas principprogram 2015
kd-2018-v;2018;kd;Kristdemokraterna;v;Valmanifest - Riksdagsval;Hämtat från partiets officiella hemsida.;Du ska kunna lita på Sverige
kd-2019-v_eu;2019;kd;Kristdemokraterna;v_eu;Valmanifest - Europaval;Hämtat från partiets officiella hemsida.;Make EU lagom again
kd-2022-v;2022;kd;Kristdemokraterna;v;Valmanifest - Riksdagsval;Hämtat från partiets officiella hemsida.;Redo för en ny regering
l-2017-p;2017;l;Liberalerna;p;Partiprogram;Hämtat från partiets officiella hemsida.;Frihet i globaliseringens tid - Liberalernas partiprogram 2017
l-2018-v;2018;l;Liberalerna;v;Valmanifest - Riksdagsval;Hämtat från partiets officiella hemsida.;Försvara friheten - 2018 års vägval för Sverige och Europa Liberalernas valmanifest
l-2019-p;2019;l;Liberalerna;p;Partiprogram;Hämtat från partiets officiella hemsida.;Frihet i globaliseringens tid - Partiprogram antaget vid landsmötet 2013. Med uppdateringar vid landsmötena 2015, 2017 och 2019
l-2019-v_eu;2019;l;Liberalerna;v_eu;Valmanifest - Europaval;Hämtat från partiets officiella hemsida.;Ja till Europa! Liberalernas program inför valet till Europaparlamentet 2019
l-2021-p;2021;l;Liberalerna;p;Partiprogram;Hämtat från partiets officiella hemsida.;Frihet i globaliseringens tid - Partiprogram antaget vid landsmötet 2013. Med uppdateringar vid landsmötena 2015-2021
l-2022-v;2022;l;Liberalerna;v;Valmanifest - Riksdagsval;Hämtat från partiets officiella hemsida.;Maktskifte för ett nytt Sverige. Liberalernas valmanifest 2022
labp-1914-v_a;1914;labp;Landtmanna- och borgarepartiet;v_a;Valmanifest - Riksdagsval;"Hämtat från ""Svenska valprogram 1902-1952"", sammanställda av Sven-Olov Håkansson vid Statsvetenskapliga inst. Göteborgs universitet 1959. ISBN 99-0391724-4";Till Sveriges folk
lisp-1905-v;1905;lisp;Liberala samlingspartiet;v;Valmanifest - Riksdagsval;"Hämtat från ""Svenska valprogram 1902-1952"", sammanställda av Sven-Olov Håkansson vid Statsvetenskapliga inst. Göteborgs universitet 1959. ISBN 99-0391724-4";Liberala samlingspartiet och 1905 års riksdagsmannaval
lisp-1914-v_a;1914;lisp;Liberala samlingspartiet;v_a;Valmanifest - Riksdagsval;"Hämtat från ""Svenska valprogram 1902-1952"", sammanställda av Sven-Olov Håkansson vid Statsvetenskapliga inst. Göteborgs universitet 1959. ISBN 99-0391724-4";Till Sveriges frisinnade medborgare.
lmp-1905-v;1905;lmp;Landtmannapartiet;v;Valmanifest - Riksdagsval;"Hämtat från ""Svenska valprogram 1902-1952"", sammanställda av Sven-Olov Håkansson vid Statsvetenskapliga inst. Göteborgs universitet 1959. ISBN 99-0391724-4";Landtmannapartiets valmanifest 1905
lmp-1908-v;1908;lmp;Landtmannapartiet;v;Valmanifest - Riksdagsval;"Hämtat från ""Svenska valprogram 1902-1952"", sammanställda av Sven-Olov Håkansson vid Statsvetenskapliga inst. Göteborgs universitet 1959. ISBN 99-0391724-4";Landtmannapartiets valmanifest 1908
lp-1924-v;1924;lp;Sveriges liberala parti;v;Valmanifest - Riksdagsval;"Hämtat från ""Svenska valprogram 1902-1952"", sammanställda av Sven-Olov Håkansson vid Statsvetenskapliga inst. Göteborgs universitet 1959. ISBN 99-0391724-4";Sveriges liberala partis valprogram 1924
lp-1928-v;1928;lp;Sveriges liberala parti;v;Valmanifest - Riksdagsval;"Hämtat från ""Svenska valprogram 1902-1952"", sammanställda av Sven-Olov Håkansson vid Statsvetenskapliga inst. Göteborgs universitet 1959. ISBN 99-0391724-4";Sveriges liberala partis valprogram 1928
lp-1932-v;1932;lp;Sveriges liberala parti;v;Valmanifest - Riksdagsval;"Hämtat från ""Svenska valprogram 1902-1952"", sammanställda av Sven-Olov Håkansson vid Statsvetenskapliga inst. Göteborgs universitet 1959. ISBN 99-0391724-4";Sveriges liberala partis valprogram 1932
m-1904-p;1904;m;Moderaterna;p;Partiprogram;Hämtat från partiets officiella hemsida.;Moderaternas1904 års partiprogram
m-1905-v;1905;m;Moderaterna;v;Valmanifest - Riksdagsval;"Hämtat från ""Svenska valprogram 1902-1952"", sammanställda av Sven-Olov Håkansson vid Statsvetenskapliga inst. Göteborgs universitet 1959. ISBN 99-0391724-4";Till Sveriges valmän
m-1908-v;1908;m;Moderaterna;v;Valmanifest - Riksdagsval;"Hämtat från ""Svenska valprogram 1902-1952"", sammanställda av Sven-Olov Håkansson vid Statsvetenskapliga inst. Göteborgs universitet 1959. ISBN 99-0391724-4";Allmänna Valmansförbundets uttalande och valprogram 1908
m-1911-v;1911;m;Moderaterna;v;Valmanifest - Riksdagsval;"Hämtat från ""Svenska valprogram 1902-1952"", sammanställda av Sven-Olov Håkansson vid Statsvetenskapliga inst. Göteborgs universitet 1959. ISBN 99-0391724-4";De moderata partiernas valprogram
m-1914-v_b;1914;m;Moderaterna;v_b;Valmanifest - Riksdagsval;"Hämtat från ""Svenska valprogram 1902-1952"", sammanställda av Sven-Olov Håkansson vid Statsvetenskapliga inst. Göteborgs universitet 1959. ISBN 99-0391724-4";Till Sveriges folk
m-1917-v;1917;m;Moderaterna;v;Valmanifest - Riksdagsval;"Hämtat från ""Svenska valprogram 1902-1952"", sammanställda av Sven-Olov Håkansson vid Statsvetenskapliga inst. Göteborgs universitet 1959. ISBN 99-0391724-4";Allmänna Valmansförbundets valupprop. Till Sveriges folk.
m-1919-p;1919;m;Moderaterna;p;Partiprogram;Hämtat från partiets officiella hemsida.;Moderaternas partiprogram 1919
m-1920-v;1920;m;Moderaterna;v;Valmanifest - Riksdagsval;"Hämtat från ""Svenska valprogram 1902-1952"", sammanställda av Sven-Olov Håkansson vid Statsvetenskapliga inst. Göteborgs universitet 1959. ISBN 99-0391724-4";Allmänna Valmansförbundets valupprop. Till Sveriges folk.
m-1921-v;1921;m;Moderaterna;v;Valmanifest - Riksdagsval;"Hämtat från ""Svenska valprogram 1902-1952"", sammanställda av Sven-Olov Håkansson vid Statsvetenskapliga inst. Göteborgs universitet 1959. ISBN 99-0391724-4";Allmänna Valmansförbundets valupprop. Till Sveriges folk.
m-1924-v;1924;m;Moderaterna;v;Valmanifest - Riksdagsval;"Hämtat från ""Svenska valprogram 1902-1952"", sammanställda av Sven-Olov Håkansson vid Statsvetenskapliga inst. Göteborgs universitet 1959. ISBN 99-0391724-4";Uttalanden av Högerpartiet inför valet 1924
m-1928-v;1928;m;Moderaterna;v;Valmanifest - Riksdagsval;"Hämtat från ""Svenska valprogram 1902-1952"", sammanställda av Sven-Olov Håkansson vid Statsvetenskapliga inst. Göteborgs universitet 1959. ISBN 99-0391724-4";Till Sveriges folk!
m-1932-v;1932;m;Moderaterna;v;Valmanifest - Riksdagsval;"Hämtat från ""Svenska valprogram 1902-1952"", sammanställda av Sven-Olov Håkansson vid Statsvetenskapliga inst. Göteborgs universitet 1959. ISBN 99-0391724-4";Till Sveriges folk!
m-1934-p;1934;m;Moderaterna;p;Partiprogram;Hämtat från partiets officiella hemsida.;Moderaternas partiprogram 1934
m-1936-v;1936;m;Moderaterna;v;Valmanifest - Riksdagsval;"Hämtat från ""Svenska valprogram 1902-1952"", sammanställda av Sven-Olov Håkansson vid Statsvetenskapliga inst. Göteborgs universitet 1959. ISBN 99-0391724-4";Till Sveriges folk!
m-1940-v;1940;m;Moderaterna;v;Valmanifest - Riksdagsval;"Hämtat från ""Svenska valprogram 1902-1952"", sammanställda av Sven-Olov Håkansson vid Statsvetenskapliga inst. Göteborgs universitet 1959. ISBN 99-0391724-4";Maning till svenska män och kvinnor
m-1944-v;1944;m;Moderaterna;v;Valmanifest - Riksdagsval;"Hämtat från ""Svenska valprogram 1902-1952"", sammanställda av Sven-Olov Håkansson vid Statsvetenskapliga inst. Göteborgs universitet 1959. ISBN 99-0391724-4";Till Sveriges folk!
m-1946-h;1946;m;Moderaterna;h;Handlingsprogram;Hämtat från partiets officiella hemsida.;Högern vill… Högerns handlingsprogram
m-1948-v;1948;m;Moderaterna;v;Valmanifest - Riksdagsval;"Hämtat från ""Svenska valprogram 1902-1952"", sammanställda av Sven-Olov Håkansson vid Statsvetenskapliga inst. Göteborgs universitet 1959. ISBN 99-0391724-4";Högern säger ifrån
m-1952-v;1952;m;Moderaterna;v;Valmanifest - Riksdagsval;"Hämtat från ""Svenska valprogram 1902-1952"", sammanställda av Sven-Olov Håkansson vid Statsvetenskapliga inst. Göteborgs universitet 1959. ISBN 99-0391724-4";Tid för Högern
m-1956-c;1956;m;Moderaterna;c;Principprogram;Hämtat från partiets officiella hemsida.;Högerpartiets principprogram 1956
m-1956-v;1956;m;Moderaterna;v;Valmanifest - Riksdagsval;"Hämtat från forskningsprojektet ""Partiernas opinionspåverkan"", finansierat av HSFR, juli 1991-juni 1994. Peter Esaiasson och Niclas Håkansson, Statsvetenskapliga institiutionen vid Göteborgs universitet.";Mer och mer åt fler och fler
m-1958-v;1958;m;Moderaterna;v;Valmanifest - Riksdagsval;"Hämtat från forskningsprojektet ""Partiernas opinionspåverkan"", finansierat av HSFR, juli 1991-juni 1994. Peter Esaiasson och Niclas Håkansson, Statsvetenskapliga institiutionen vid Göteborgs universitet.";Utan att sväva på målet
m-1960-v;1960;m;Moderaterna;v;Valmanifest - Riksdagsval;"Hämtat från forskningsprojektet ""Partiernas opinionspåverkan"", finansierat av HSFR, juli 1991-juni 1994. Peter Esaiasson och Niclas Håkansson, Statsvetenskapliga institiutionen vid Göteborgs universitet.";Högeralternativet - ett alternativ att tänka på
m-1964-v;1964;m;Moderaterna;v;Valmanifest - Riksdagsval;"Hämtat från forskningsprojektet ""Partiernas opinionspåverkan"", finansierat av HSFR, juli 1991-juni 1994. Peter Esaiasson och Niclas Håkansson, Statsvetenskapliga institiutionen vid Göteborgs universitet.";Konsten att fånga en miljon
m-1968-v;1968;m;Moderaterna;v;Valmanifest - Riksdagsval;"Hämtat från forskningsprojektet ""Partiernas opinionspåverkan"", finansierat av HSFR, juli 1991-juni 1994. Peter Esaiasson och Niclas Håkansson, Statsvetenskapliga institiutionen vid Göteborgs universitet.";För en handlingskraftig 3-partiregering. Högerpartiet.
m-1969-c;1969;m;Moderaterna;c;Principprogram;Hämtat från partiets officiella hemsida.;Moderaternas principprogram 1969
m-1970-v;1970;m;Moderaterna;v;Valmanifest - Riksdagsval;"Hämtat från forskningsprojektet ""Partiernas opinionspåverkan"", finansierat av HSFR, juli 1991-juni 1994. Peter Esaiasson och Niclas Håkansson, Statsvetenskapliga institiutionen vid Göteborgs universitet.";Valmanifest 1970. Samverkan, rättvisa, ansvar.
m-1973-v;1973;m;Moderaterna;v;Valmanifest - Riksdagsval;"Hämtat från forskningsprojektet ""Partiernas opinionspåverkan"", finansierat av HSFR, juli 1991-juni 1994. Peter Esaiasson och Niclas Håkansson, Statsvetenskapliga institiutionen vid Göteborgs universitet.";Valmanifest 1973. Samverkan, rättvisa, ansvar.
m-1976-v;1976;m;Moderaterna;v;Valmanifest - Riksdagsval;"Hämtat från forskningsprojektet ""Partiernas opinionspåverkan"", finansierat av HSFR, juli 1991-juni 1994. Peter Esaiasson och Niclas Håkansson, Statsvetenskapliga institiutionen vid Göteborgs universitet.";Moderaternas valmanifest 1976
m-1978-i;1978;m;Moderaterna;i;Idéprogram;;Moderaternas idéprogram 1978
m-1979-v;1979;m;Moderaterna;v;Valmanifest - Riksdagsval;"Hämtat från forskningsprojektet ""Partiernas opinionspåverkan"", finansierat av HSFR, juli 1991-juni 1994. Peter Esaiasson och Niclas Håkansson, Statsvetenskapliga institiutionen vid Göteborgs universitet.";Valmanifest 1979. Framtid i frihet.
m-1982-v;1982;m;Moderaterna;v;Valmanifest - Riksdagsval;"Hämtat från forskningsprojektet ""Partiernas opinionspåverkan"", finansierat av HSFR, juli 1991-juni 1994. Peter Esaiasson och Niclas Håkansson, Statsvetenskapliga institiutionen vid Göteborgs universitet.";Valmanifest 1982. Framtid i frihet.
m-1984-h;1984;m;Moderaterna;h;Handlingsprogram;;Moderaternas handlingsprogram 1984
m-1984-p;1984;m;Moderaterna;p;Partiprogram;Hämtat från partiets officiella hemsida.;Moderaternas partiprogram 1984
m-1985-v;1985;m;Moderaterna;v;Valmanifest - Riksdagsval;"Hämtat från forskningsprojektet ""Partiernas opinionspåverkan"", finansierat av HSFR, juli 1991-juni 1994. Peter Esaiasson och Niclas Håkansson, Statsvetenskapliga institiutionen vid Göteborgs universitet.";Valmanifest 1985. Framtid i frihet.
m-1988-v;1988;m;Moderaterna;v;Valmanifest - Riksdagsval;"Hämtat från forskningsprojektet ""Partiernas opinionspåverkan"", finansierat av HSFR, juli 1991-juni 1994. Peter Esaiasson och Niclas Håkansson, Statsvetenskapliga institiutionen vid Göteborgs universitet.";Valmanifest 1988. 20 punkter för ett bättre Sverige.
m-1991-v;1991;m;Moderaterna;v;Valmanifest - Riksdagsval;"Hämtat från forskningsprojektet ""Partiernas opinionspåverkan"", finansierat av HSFR, juli 1991-juni 1994. Peter Esaiasson och Niclas Håkansson, Statsvetenskapliga institiutionen vid Göteborgs universitet.";Valmanifest 1991. Det bästa för Sverige.
m-1993-h;1993;m;Moderaterna;h;Handlingsprogram;;Moderaternas handlingsprogram 1993
m-1994-v;1994;m;Moderaterna;v;Valmanifest - Riksdagsval;"Hämtat från forskningsprojektet ""Partiernas opinionspåverkan"", finansierat av HSFR, juli 1991-juni 1994. Peter Esaiasson och Niclas Håkansson, Statsvetenskapliga institiutionen vid Göteborgs universitet.";Valmanifest 1994. Det bästa för Sverige.
m-1998-v;1998;m;Moderaterna;v;Valmanifest - Riksdagsval;Hämtat från partiets officiella hemsida.;Moderaternas valmanifest 1998
m-2001-i;1956;m;Moderaterna;i;Idéprogram;;På tröskeln till mänslighetens bästa tid
m-2002-v;2002;m;Moderaterna;v;Valmanifest - Riksdagsval;Hämtat från partiets officiella hemsida.;Frihet för Sverige
m-2007-h;2007;m;Moderaterna;h;Handlingsprogram;Hämtat från partiets officiella hemsida.;Moderaternas handlingsprogram - Vår tids arbetarparti 
m-2010-v;2010;m;Moderaterna;v;Valmanifest - Riksdagsval;Hämtat från partiets officiella hemsida.;Jobbmanifestet. Alliansens valmanifest 2010-2014 
m-2011-i;2011;m;Moderaterna;i;Idéprogram;Hämtat från partiets officiella hemsida.;Ansvar för hela Sverige 
m-2013-f;2013;m;Moderaterna;f;Framtidsförslag;Hämtat från partiets officiella hemsida.;Framtidsförslag för hela Sverige 
m-2013-h;2013;m;Moderaterna;h;Handlingsprogram;Hämtat från partiets officiella hemsida.;Ett modernt arbetarparti för hela Sverige - Moderaternas handlingsprogram 2013
m-2013-i;2013;m;Moderaterna;i;Idéprogram;Hämtat från partiets officiella hemsida.;Ansvar för hela Sverige- Moderaternas Idéprogram 
m-2013-v_eu;2013;m;Moderaterna;v_eu;Valmanifest - Europaval;Hämtat från partiets officiella hemsida.;Ansvar och möjligheter - Moderaternas Europaplattform 2013
m-2018-v;2018;m;Moderaterna;v;Valmanifest - Riksdagsval;Hämtat från partiets officiella hemsida.;Nu tar vi tag i Sverige - Valmanifest 2018
m-2019-v_eu;2019;m;Moderaterna;v_eu;Valmanifest - Europaval;Hämtat från partiets officiella hemsida.;Vi gör Sverige tryggare
m-2021-i;2021;m;Moderaterna;i;Idéprogram;Hämtat från partiets officiella hemsida.;Frihet och ansvar - Ett moderat idéprogram för 2020-talet
m-2022-v;2022;m;Moderaterna;v;Valmanifest - Riksdagsval;Hämtat från partiets officiella hemsida.;Så får vi ordning på Sverige - Moderaternas valmanifest 2022
mp-1982-i;1982;mp;Miljöpartiet de gröna;i;Idéprogram;Hämtat från partiets officiella hemsida.;Allmänt idéprogram - antaget vid miljöpartiets kongress i Sundsvall påsken 1982.
mp-1985-i;1985;mp;Miljöpartiet de gröna;i;Idéprogram;Hämtat från partiets officiella hemsida.;Allmänt idéprogram - antaget vid miljöpartiets kongress i Sundsvall påsken 1982. Reviderat i januari 1985
mp-1987-i;1987;mp;Miljöpartiet de gröna;i;Idéprogram;Hämtat från partiets officiella hemsida.;Allmänt idéprogram - antaget vid miljöpartiets kongress i Sundsvall påsken 1982. Reviderat i januari 1985 och oktober 1987.
mp-1988-i;1988;mp;Miljöpartiet de gröna;i;Idéprogram;Hämtat från partiets officiella hemsida.;Miljöpartiet de grönas idéprogram - Antaget vid Miljöpartiets kongress i  Sundsvall 1982. Reviderat 1985, 1987 och 1988.
mp-1988-v;1988;mp;Miljöpartiet de gröna;v;Valmanifest - Riksdagsval;"Hämtat från forskningsprojektet ""Partiernas opinionspåverkan"", finansierat av HSFR, juli 1991-juni 1994. Peter Esaiasson och Niclas Håkansson, Statsvetenskapliga institiutionen vid Göteborgs universitet.";Miljöpartiets valmanifest 1988
mp-1991-v;1991;mp;Miljöpartiet de gröna;v;Valmanifest - Riksdagsval;"Hämtat från forskningsprojektet ""Partiernas opinionspåverkan"", finansierat av HSFR, juli 1991-juni 1994. Peter Esaiasson och Niclas Håkansson, Statsvetenskapliga institiutionen vid Göteborgs universitet.";Miljöpartiets valmanifest 1991
mp-1994-p;1994;mp;Miljöpartiet de gröna;p;Partiprogram;Hämtat från partiets officiella hemsida.;Miljöpartiets partiprogram 1994
mp-1994-v;1994;mp;Miljöpartiet de gröna;v;Valmanifest - Riksdagsval;"Hämtat från forskningsprojektet ""Partiernas opinionspåverkan"", finansierat av HSFR, juli 1991-juni 1994. Peter Esaiasson och Niclas Håkansson, Statsvetenskapliga institiutionen vid Göteborgs universitet.";Miljöpartiets valmanifest augusti 1994
mp-1997-p;1997;mp;Miljöpartiet de gröna;p;Partiprogram;Hämtat från partiets officiella hemsida.;Miljöpartiets partiprogram 1997
mp-1998-v;1998;mp;Miljöpartiet de gröna;v;Valmanifest - Riksdagsval;Hämtat från partiets officiella hemsida.;Miljöpartiets valmanifest 1998
mp-2001-p;2001;mp;Miljöpartiet de gröna;p;Partiprogram;Hämtat från partiets officiella hemsida.;Miljöpartiets partiprogram 2001
mp-2002-v;2002;mp;Miljöpartiet de gröna;v;Valmanifest - Riksdagsval;Hämtat från partiets officiella hemsida.;Grönt valmanifest 2002 - för en långsiktigt hållbar utveckling
mp-2005-p;2005;mp;Miljöpartiet de gröna;p;Partiprogram;Hämtat från partiets officiella hemsida.;Grön ideologi - Ett krav på handling
mp-2006-v;2006;mp;Miljöpartiet de gröna;v;Valmanifest - Riksdagsval;Hämtat från partiets officiella hemsida.;Grönare Sverige! - För ökad livskvalitet
mp-2010-v;2010;mp;Miljöpartiet de gröna;v;Valmanifest - Riksdagsval;Hämtat från partiets officiella hemsida.;Framtiden är här- Valmanifest för en grön omställning som ger nya jobb, en nödvändig klimatpolitik och global solidaritet
mp-2013-p;2013;mp;Miljöpartiet de gröna;p;Partiprogram;Hämtat från partiets officiella hemsida.;Miljöpartiets partiprogram 2013
mp-2014-v;2014;mp;Miljöpartiet de gröna;v;Valmanifest - Riksdagsval;Hämtat från partiets officiella hemsida.;Miljöpartiets valmanifest 2014
mp-2014-v_eu;2014;mp;Miljöpartiet de gröna;v_eu;Valmanifest - Europaval;Hämtat från partiets officiella hemsida.;EU-valmanifest - Förändra Europa - rösta grönt
mp-2018-v;2018;mp;Miljöpartiet de gröna;v;Valmanifest - Riksdagsval;Hämtat från partiets officiella hemsida.;Nu. Klimatet kan inte vänta.
mp-2019-v_eu;2019;mp;Miljöpartiet de gröna;v_eu;Valmanifest - Europaval;Hämtat från partiets officiella hemsida.;Valmanifest. EU-val 2019
mp-2022-v;2022;mp;Miljöpartiet de gröna;v;Valmanifest - Riksdagsval;Hämtat från partiets officiella hemsida.;Alla ska med när Sverige ställer om
nd-1991-v;1991;nd;Ny Demokrati;v;Valmanifest - Riksdagsval;"Hämtat från forskningsprojektet ""Partiernas opinionspåverkan"", finansierat av HSFR, juli 1991-juni 1994. Peter Esaiasson och Niclas Håkansson, Statsvetenskapliga institiutionen vid Göteborgs universitet.";Ny Demokrati - Partiprogram 1991
nfp-1908-v;1908;nfp;Nationella Framstegspartiet;v;Valmanifest - Riksdagsval;"Hämtat från ""Svenska valprogram 1902-1952"", sammanställda av Sven-Olov Håkansson vid Statsvetenskapliga inst. Göteborgs universitet 1959. ISBN 99-0391724-4";Nationella framstegspartiets program 1908
pp-2010-v;2010;pp;Piratpartiet;v;Valmanifest - Riksdagsval;Hämtat från partiets officiella hemsida.;Piratpartiets valmanifest 2010 - Integritet + Kultur + Kunskap
pp-2012-c;2012;pp;Piratpartiet;c;Principprogram;Hämtat från partiets officiella hemsida.;Piratpartiets principprogram 2012
pp-2013-p;2013;pp;Piratpartiet;p;Partiprogram;Hämtat från partiets officiella hemsida.;Piratpartiets partipprogram 2013
pp-2014-p;2014;pp;Piratpartiet;p;Partiprogram;Hämtat från partiets officiella hemsida.;Piratpartiets partipprogram 2014
pp-2014-v_eu;2014;pp;Piratpartiet;v_eu;Valmanifest - Europaval;Hämtat från partiets officiella hemsida.;Valmanifest för Piratpartiet EU-valet 2014
rg-2010-v;2010;rg;De rödgröna;v;Valmanifest - Riksdagsval;Hämtat från partiets officiella hemsida.;För hela Sverige - Socialdemokraternas, Vänsterpartiets och Miljöpartiets Regeringsplattform 2011-2014
s-1897-p;1897;s;Socialdemokraterna;p;Partiprogram;Progammet från 1887 var socialdemokraternas gällande program fram till 1905. Hämtat från partiets officiella hemsida.;Program för Sverges socialdemokratiska arbetareparti 1887
s-1902-v;1902;s;Socialdemokraterna;v;Valmanifest - Riksdagsval;"Hämtat från ""Svenska valprogram 1902-1952"", sammanställda av Sven-Olov Håkansson vid Statsvetenskapliga inst. Göteborgs universitet 1959. ISBN 99-0391724-4";Val-Manifest. Till Sverges arbetare.
s-1905-p;1905;s;Socialdemokraterna;p;Partiprogram;Hämtat från partiets officiella hemsida.;Program för Sverges socialdemokratiska arbetareparti 1905
s-1905-v;1905;s;Socialdemokraterna;v;Valmanifest - Riksdagsval;"Hämtat från ""Svenska valprogram 1902-1952"", sammanställda av Sven-Olov Håkansson vid Statsvetenskapliga inst. Göteborgs universitet 1959. ISBN 99-0391724-4";Valupprop till Sverges arbetande folk
s-1908-v;1908;s;Socialdemokraterna;v;Valmanifest - Riksdagsval;"Hämtat från ""Svenska valprogram 1902-1952"", sammanställda av Sven-Olov Håkansson vid Statsvetenskapliga inst. Göteborgs universitet 1959. ISBN 99-0391724-4";Valmanifest till Sverges arbetande folk!
s-1911-p;1911;s;Socialdemokraterna;p;Partiprogram;Hämtat från partiets officiella hemsida.;Program för Sverges socialdemokratiska arbetareparti 1911
s-1911-v;1911;s;Socialdemokraterna;v;Valmanifest - Riksdagsval;"Hämtat från ""Svenska valprogram 1902-1952"", sammanställda av Sven-Olov Håkansson vid Statsvetenskapliga inst. Göteborgs universitet 1959. ISBN 99-0391724-4";Valmanifest! Till Sverges arbetande folk!
s-1914-v_a;1914;s;Socialdemokraterna;v_a;Valmanifest - Riksdagsval;"Hämtat från ""Svenska valprogram 1902-1952"", sammanställda av Sven-Olov Håkansson vid Statsvetenskapliga inst. Göteborgs universitet 1959. ISBN 99-0391724-4";Manifest till Sveriges folk.
s-1914-v_b;1914;s;Socialdemokraterna;v_b;Valmanifest - Riksdagsval;"Hämtat från ""Svenska valprogram 1902-1952"", sammanställda av Sven-Olov Håkansson vid Statsvetenskapliga inst. Göteborgs universitet 1959. ISBN 99-0391724-4";Till Sveriges valmän!
s-1917-v;1917;s;Socialdemokraterna;v;Valmanifest - Riksdagsval;"Hämtat från ""Svenska valprogram 1902-1952"", sammanställda av Sven-Olov Håkansson vid Statsvetenskapliga inst. Göteborgs universitet 1959. ISBN 99-0391724-4";Till Sveriges arbetande folk!
s-1920-p;1920;s;Socialdemokraterna;p;Partiprogram;Hämtat från partiets officiella hemsida.;Program för Sverges socialdemokratiska arbetareparti 1920
s-1920-v;1920;s;Socialdemokraterna;v;Valmanifest - Riksdagsval;"Hämtat från ""Svenska valprogram 1902-1952"", sammanställda av Sven-Olov Håkansson vid Statsvetenskapliga inst. Göteborgs universitet 1959. ISBN 99-0391724-4";Socialdemokraternas valupprop. Till Sveriges arbetande folk
s-1921-v;1921;s;Socialdemokraterna;v;Valmanifest - Riksdagsval;"Hämtat från ""Svenska valprogram 1902-1952"", sammanställda av Sven-Olov Håkansson vid Statsvetenskapliga inst. Göteborgs universitet 1959. ISBN 99-0391724-4";Socialdemokraternas valupprop 1921
s-1924-v;1924;s;Socialdemokraterna;v;Valmanifest - Riksdagsval;"Hämtat från ""Svenska valprogram 1902-1952"", sammanställda av Sven-Olov Håkansson vid Statsvetenskapliga inst. Göteborgs universitet 1959. ISBN 99-0391724-4";Socialdemokratiska partiets valupprop. Till Sveriges arbetande folk.
s-1928-v;1928;s;Socialdemokraterna;v;Valmanifest - Riksdagsval;"Hämtat från ""Svenska valprogram 1902-1952"", sammanställda av Sven-Olov Håkansson vid Statsvetenskapliga inst. Göteborgs universitet 1959. ISBN 99-0391724-4";Valmanifest till Sverges arbetande folk i stad och på land!
s-1932-v;1932;s;Socialdemokraterna;v;Valmanifest - Riksdagsval;"Hämtat från ""Svenska valprogram 1902-1952"", sammanställda av Sven-Olov Håkansson vid Statsvetenskapliga inst. Göteborgs universitet 1959. ISBN 99-0391724-4";Socialdemokraternas manifest till andrakammarvalen 1932
s-1936-v;1936;s;Socialdemokraterna;v;Valmanifest - Riksdagsval;"Hämtat från ""Svenska valprogram 1902-1952"", sammanställda av Sven-Olov Håkansson vid Statsvetenskapliga inst. Göteborgs universitet 1959. ISBN 99-0391724-4";Socialdemokraternas manifest till andrakammarvalen 1936
s-1940-v;1940;s;Socialdemokraterna;v;Valmanifest - Riksdagsval;"Hämtat från ""Svenska valprogram 1902-1952"", sammanställda av Sven-Olov Håkansson vid Statsvetenskapliga inst. Göteborgs universitet 1959. ISBN 99-0391724-4";Till Sveriges folk!
s-1944-p;1944;s;Socialdemokraterna;p;Partiprogram;Hämtat från partiets officiella hemsida.;Program för Sverges socialdemokratiska arbetareparti 1944
s-1944-v;1944;s;Socialdemokraterna;v;Valmanifest - Riksdagsval;"Hämtat från ""Svenska valprogram 1902-1952"", sammanställda av Sven-Olov Håkansson vid Statsvetenskapliga inst. Göteborgs universitet 1959. ISBN 99-0391724-4";Till Sveriges folk!
s-1948-v;1948;s;Socialdemokraterna;v;Valmanifest - Riksdagsval;"Hämtat från ""Svenska valprogram 1902-1952"", sammanställda av Sven-Olov Håkansson vid Statsvetenskapliga inst. Göteborgs universitet 1959. ISBN 99-0391724-4";Till Sveriges folk!
s-1952-v;1952;s;Socialdemokraterna;v;Valmanifest - Riksdagsval;"Hämtat från ""Svenska valprogram 1902-1952"", sammanställda av Sven-Olov Håkansson vid Statsvetenskapliga inst. Göteborgs universitet 1959. ISBN 99-0391724-4";Till Sveriges folk!
s-1956-v;1956;s;Socialdemokraterna;v;Valmanifest - Riksdagsval;"Hämtat från forskningsprojektet ""Partiernas opinionspåverkan"", finansierat av HSFR, juli 1991-juni 1994. Peter Esaiasson och Niclas Håkansson, Statsvetenskapliga institiutionen vid Göteborgs universitet.";Till Sveriges folk!
s-1958-v;1958;s;Socialdemokraterna;v;Valmanifest - Riksdagsval;"Hämtat från forskningsprojektet ""Partiernas opinionspåverkan"", finansierat av HSFR, juli 1991-juni 1994. Peter Esaiasson och Niclas Håkansson, Statsvetenskapliga institiutionen vid Göteborgs universitet.";Rättvisa åt alla
s-1960-p;1960;s;Socialdemokraterna;p;Partiprogram;Hämtat från partiets officiella hemsida.;Program för Sverges socialdemokratiska arbetareparti 1960
s-1960-v;1960;s;Socialdemokraterna;v;Valmanifest - Riksdagsval;"Hämtat från forskningsprojektet ""Partiernas opinionspåverkan"", finansierat av HSFR, juli 1991-juni 1994. Peter Esaiasson och Niclas Håkansson, Statsvetenskapliga institiutionen vid Göteborgs universitet.";Avgörandet inför 60-talet
s-1964-v;1964;s;Socialdemokraterna;v;Valmanifest - Riksdagsval;"Hämtat från forskningsprojektet ""Partiernas opinionspåverkan"", finansierat av HSFR, juli 1991-juni 1994. Peter Esaiasson och Niclas Håkansson, Statsvetenskapliga institiutionen vid Göteborgs universitet.";Vi vill gå vidare...
s-1968-v;1968;s;Socialdemokraterna;v;Valmanifest - Riksdagsval;"Hämtat från forskningsprojektet ""Partiernas opinionspåverkan"", finansierat av HSFR, juli 1991-juni 1994. Peter Esaiasson och Niclas Håkansson, Statsvetenskapliga institiutionen vid Göteborgs universitet.";Erfarenhet och förnyelse.
s-1970-v;1970;s;Socialdemokraterna;v;Valmanifest - Riksdagsval;"Hämtat från forskningsprojektet ""Partiernas opinionspåverkan"", finansierat av HSFR, juli 1991-juni 1994. Peter Esaiasson och Niclas Håkansson, Statsvetenskapliga institiutionen vid Göteborgs universitet.";Socialdemokraternas valmanifest 1970
s-1973-v;1973;s;Socialdemokraterna;v;Valmanifest - Riksdagsval;"Hämtat från forskningsprojektet ""Partiernas opinionspåverkan"", finansierat av HSFR, juli 1991-juni 1994. Peter Esaiasson och Niclas Håkansson, Statsvetenskapliga institiutionen vid Göteborgs universitet.";Uttalande inför valet 1973
s-1975-p;1975;s;Socialdemokraterna;p;Partiprogram;Hämtat från partiets officiella hemsida.;Socialdemokraternas partiprogram 1975
s-1976-v;1976;s;Socialdemokraterna;v;Valmanifest - Riksdagsval;"Hämtat från forskningsprojektet ""Partiernas opinionspåverkan"", finansierat av HSFR, juli 1991-juni 1994. Peter Esaiasson och Niclas Håkansson, Statsvetenskapliga institiutionen vid Göteborgs universitet.";Socialdemokraternas uttalande antaget vid valupptakt
s-1979-v;1979;s;Socialdemokraterna;v;Valmanifest - Riksdagsval;"Hämtat från forskningsprojektet ""Partiernas opinionspåverkan"", finansierat av HSFR, juli 1991-juni 1994. Peter Esaiasson och Niclas Håkansson, Statsvetenskapliga institiutionen vid Göteborgs universitet.";Socialdemokraternas valmanifest 1979
s-1982-v;1982;s;Socialdemokraterna;v;Valmanifest - Riksdagsval;"Hämtat från forskningsprojektet ""Partiernas opinionspåverkan"", finansierat av HSFR, juli 1991-juni 1994. Peter Esaiasson och Niclas Håkansson, Statsvetenskapliga institiutionen vid Göteborgs universitet.";Valmanifest. Fred och arbete.
s-1985-v;1985;s;Socialdemokraterna;v;Valmanifest - Riksdagsval;"Hämtat från forskningsprojektet ""Partiernas opinionspåverkan"", finansierat av HSFR, juli 1991-juni 1994. Peter Esaiasson och Niclas Håkansson, Statsvetenskapliga institiutionen vid Göteborgs universitet.";Valmanifest. En inbjudan till alla väljare.
s-1988-v;1988;s;Socialdemokraterna;v;Valmanifest - Riksdagsval;"Hämtat från forskningsprojektet ""Partiernas opinionspåverkan"", finansierat av HSFR, juli 1991-juni 1994. Peter Esaiasson och Niclas Håkansson, Statsvetenskapliga institiutionen vid Göteborgs universitet.";Sverige 1988. Valmanifest
s-1990-p;1990;s;Socialdemokraterna;p;Partiprogram;Hämtat från partiets officiella hemsida.;Socialdemokraternas partiprogram 1990
s-1991-v;1991;s;Socialdemokraterna;v;Valmanifest - Riksdagsval;"Hämtat från forskningsprojektet ""Partiernas opinionspåverkan"", finansierat av HSFR, juli 1991-juni 1994. Peter Esaiasson och Niclas Håkansson, Statsvetenskapliga institiutionen vid Göteborgs universitet.";Till väljarna i höstens val
s-1994-v;1994;s;Socialdemokraterna;v;Valmanifest - Riksdagsval;"Hämtat från forskningsprojektet ""Partiernas opinionspåverkan"", finansierat av HSFR, juli 1991-juni 1994. Peter Esaiasson och Niclas Håkansson, Statsvetenskapliga institiutionen vid Göteborgs universitet.";Socialdemokraternas valmanifest 1994
s-1998-v;1998;s;Socialdemokraterna;v;Valmanifest - Riksdagsval;Hämtat från partiets officiella hemsida.;Med omtanke om framtiden
s-2001-p;2001;s;Socialdemokraterna;p;Partiprogram;Hämtat från partiets officiella hemsida.;Partiprogram för Socialdemokraternaden 6 november 2001
s-2002-v;2002;s;Socialdemokraterna;v;Valmanifest - Riksdagsval;Hämtat från partiets officiella hemsida.;Tillsammans för trygghet och utveckling
s-2004-v_eu;2004;s;Socialdemokraterna;v_eu;Valmanifest - Europaval;Hämtat från partiets officiella hemsida.;Socialdemokraternas valmanifest inför Europaparlamentsvalet 2004
s-2006-v;2006;s;Socialdemokraterna;v;Valmanifest - Riksdagsval;Hämtat från partiets officiella hemsida.;Valmanifest 2006 -  Alla ska med
s-2010-v;2010;s;Socialdemokraterna;v;Valmanifest - Riksdagsval;Hämtat från partiets officiella hemsida.;Fler jobb och nya möjligheter - Vägval 2010
s-2013-p;2013;s;Socialdemokraterna;p;Partiprogram;Hämtat från partiets officiella hemsida.;Ett program för förändring - Socialdemokraternas partiprogram 2013
s-2014-v;2014;s;Socialdemokraterna;v;Valmanifest - Riksdagsval;Hämtat från partiets officiella hemsida.;Valmanifest för ett bättre Sverige. För alla.
s-2014-v_eu;2014;s;Socialdemokraterna;v_eu;Valmanifest - Europaval;Hämtat från partiets officiella hemsida.;Valmanifest för EU-valet 2014. Rättvisa villkor och fler jobb + Plattform inför valet till Europaparlamentet 2014
s-2018-v;2018;s;Socialdemokraterna;v;Valmanifest - Riksdagsval;Hämtat från partiets officiella hemsida.;Det största trygghets-programmet i modern tid - Valmanifest 2018
s-2019-v_eu;2019;s;Socialdemokraterna;v_eu;Valmanifest - Europaval;Hämtat från partiets officiella hemsida.;För demokrati och jämlikhet, mot klyftor och extremism. Valmanifest för EU-valet 2019
s-2022-v;2022;s;Socialdemokraterna;v;Valmanifest - Riksdagsval;Hämtat från partiets officiella hemsida.;Socialdemokraternas valmanifest 2022 Vårt Sverige kan bättre
sd-1989-p;1989;sd;Sverigedemokraterna;p;Partiprogram;Levererat av partiet;Sverigedemokraternas partiprogram 1989
sd-1992-h_eu;1992;sd;Sverigedemokraterna;h_eu;Handlingsprogram - EU;Hämtat från SD-Arkivets hemsida;Sverigedemokraternas handlingsprogram i EG-frågan
sd-1994-p;1994;sd;Sverigedemokraterna;p;Partiprogram;Hämtat från SD-Arkivets hemsida;Sverigedemokraternas partiprogram 1994
sd-1996-p;1996;sd;Sverigedemokraterna;p;Partiprogram;Hämtat från SD-Arkivets hemsida;Sverigedemokraternas partiprogram 1996
sd-1998-v;1998;sd;Sverigedemokraterna;v;Valmanifest - Riksdagsval;Hämtat från SD-Arkivets hemsida;Sverigedemokraterna - ett nationaldemokratiskt mittenparti. Valinfo 1998
sd-1999-p;1999;sd;Sverigedemokraterna;p;Partiprogram;Levererat av partiet;Sverigedemokraternas partiprogram 1999 med justeringar 2002
sd-2002-v;2002;sd;Sverigedemokraterna;v;Valmanifest - Riksdagsval;Hämtat från SD-Arkivets hemsida;Trygghet, omtanke, tradition
sd-2003-c;2003;sd;Sverigedemokraterna;c;Principprogram;Levererat av partiet;Sverigedemokraternas principprogram 2003
sd-2005-c;2005;sd;Sverigedemokraterna;c;Principprogram;Hämtat från partiets officiella hemsida.;Sverigedemokraternas principprogram 2005 (Reviderat principprogram från 2003)
sd-2006-v;2006;sd;Sverigedemokraterna;v;Valmanifest - Riksdagsval;Hämtat från SD-Arkivets hemsida;Ett nytt parti. Sverigedemokraternas valmanifest 2006
sd-2010-v;2010;sd;Sverigedemokraterna;v;Valmanifest - Riksdagsval;Hämtat från partiets officiella hemsida.;99 förslag för ett bättre Sverige
sd-2011-c;2011;sd;Sverigedemokraterna;c;Principprogram;Hämtat från partiets officiella hemsida.;Sverigedemokraternas principprogram 2011
sd-2014-v;2014;sd;Sverigedemokraterna;v;Valmanifest - Riksdagsval;Hämtat från partiets officiella hemsida.;Vi väljer välfärd!
sd-2014-v_eu;2014;sd;Sverigedemokraterna;v_eu;Valmanifest - Europaval;Hämtat från partiets officiella hemsida.;"""Mindre EU, mer Sverige!"" - Sverigedemokraternas valmanifest i EU-valet + EU-valplattform "
sd-2018-v;2018;sd;Sverigedemokraterna;v;Valmanifest - Riksdagsval;Hämtat från partiets officiella hemsida.;Sverigedemokraternas valmanifest 2018 + Sverigedemokraternas valplattform 2018
sd-2019-v_eu;2019;sd;Sverigedemokraterna;v_eu;Valmanifest - Europaval;Hämtat från partiets officiella hemsida.;Valplattform. Europaparlamentsvalet 2019
sd-2022-v;2022;sd;Sverigedemokraterna;v;Valmanifest - Riksdagsval;Hämtat från partiets officiella hemsida.;Valplattform 2022. Inriktningsprogram för Sverigedemokraternas inflytande över svensk politik under nästa mandatperiod
svp-1921-v;1921;svp;Sverges socialdemokratiska vänsterparti;v;Valmanifest - Riksdagsval;"Hämtat från ""Svenska valprogram 1902-1952"", sammanställda av Sven-Olov Håkansson vid Statsvetenskapliga inst. Göteborgs universitet 1959. ISBN 99-0391724-4";Till Sverges arbetande folk!
v-1917-v;1917;v;Vänsterpartiet;v;Valmanifest - Riksdagsval;"Hämtat från ""Svenska valprogram 1902-1952"", sammanställda av Sven-Olov Håkansson vid Statsvetenskapliga inst. Göteborgs universitet 1959. ISBN 99-0391724-4";Till Sverges valmän!
v-1920-v;1920;v;Vänsterpartiet;v;Valmanifest - Riksdagsval;"Hämtat från ""Svenska valprogram 1902-1952"", sammanställda av Sven-Olov Håkansson vid Statsvetenskapliga inst. Göteborgs universitet 1959. ISBN 99-0391724-4";Till Sverges proletariat.
v-1921-p;1921;v;Vänsterpartiet;p;Partiprogram;Dokumentet är hämtat från Arbetarrörelsens arkiv.;Kommunistiska partiets program 
v-1921-v;1921;v;Vänsterpartiet;v;Valmanifest - Riksdagsval;"Hämtat från ""Svenska valprogram 1902-1952"", sammanställda av Sven-Olov Håkansson vid Statsvetenskapliga inst. Göteborgs universitet 1959. ISBN 99-0391724-4";Till Sverges arbetareklass i stad och på land!
v-1924-v;1924;v;Vänsterpartiet;v;Valmanifest - Riksdagsval;"Hämtat från ""Svenska valprogram 1902-1952"", sammanställda av Sven-Olov Håkansson vid Statsvetenskapliga inst. Göteborgs universitet 1959. ISBN 99-0391724-4";Till Sverges arbetar- och bondeklass.
v-1928-v;1928;v;Vänsterpartiet;v;Valmanifest - Riksdagsval;"Hämtat från ""Svenska valprogram 1902-1952"", sammanställda av Sven-Olov Håkansson vid Statsvetenskapliga inst. Göteborgs universitet 1959. ISBN 99-0391724-4";Till arbetets män och kvinnor i stad och på land!
v-1932-v;1932;v;Vänsterpartiet;v;Valmanifest - Riksdagsval;"Hämtat från ""Svenska valprogram 1902-1952"", sammanställda av Sven-Olov Håkansson vid Statsvetenskapliga inst. Göteborgs universitet 1959. ISBN 99-0391724-4";För arbete, bröd och frihet!
v-1936-v;1936;v;Vänsterpartiet;v;Valmanifest - Riksdagsval;"Hämtat från ""Svenska valprogram 1902-1952"", sammanställda av Sven-Olov Håkansson vid Statsvetenskapliga inst. Göteborgs universitet 1959. ISBN 99-0391724-4";Mot reaktion och herremakt - för folkvälde - för ett fritt och lyckligt Sverge!
v-1940-v;1940;v;Vänsterpartiet;v;Valmanifest - Riksdagsval;"Hämtat från ""Svenska valprogram 1902-1952"", sammanställda av Sven-Olov Håkansson vid Statsvetenskapliga inst. Göteborgs universitet 1959. ISBN 99-0391724-4";Kommunistiska partiets valmanifest
v-1944-p;1944;v;Vänsterpartiet;p;Partiprogram;Inskannat från partiets egna tryckta material;Grundsatser för Sverges Kommunistiska Parti
v-1944-v;1944;v;Vänsterpartiet;v;Valmanifest - Riksdagsval;"Hämtat från ""Svenska valprogram 1902-1952"", sammanställda av Sven-Olov Håkansson vid Statsvetenskapliga inst. Göteborgs universitet 1959. ISBN 99-0391724-4";Rättning vänster i valet.
v-1948-v;1948;v;Vänsterpartiet;v;Valmanifest - Riksdagsval;"Hämtat från ""Svenska valprogram 1902-1952"", sammanställda av Sven-Olov Håkansson vid Statsvetenskapliga inst. Göteborgs universitet 1959. ISBN 99-0391724-4";Till Sverges folk!
v-1951-p;1951;v;Vänsterpartiet;p;Partiprogram;Inskannat från partiets egna tryckta material;Stadgar för Sverges Kommunistiska Parti
v-1952-v;1952;v;Vänsterpartiet;v;Valmanifest - Riksdagsval;"Hämtat från ""Svenska valprogram 1902-1952"", sammanställda av Sven-Olov Håkansson vid Statsvetenskapliga inst. Göteborgs universitet 1959. ISBN 99-0391724-4";Sveriges kommunistiska partiets valmanifest 1952
v-1953-p;1953;v;Vänsterpartiet;p;Partiprogram;Dokumentet är hämtat från Arbetarrörelsens arkiv.;Sveriges väg till socialismen
v-1956-v;1956;v;Vänsterpartiet;v;Valmanifest - Riksdagsval;"Hämtat från forskningsprojektet ""Partiernas opinionspåverkan"", finansierat av HSFR, juli 1991-juni 1994. Peter Esaiasson och Niclas Håkansson, Statsvetenskapliga institiutionen vid Göteborgs universitet.";För en fredsbefrämjande och demokratisk politik.
v-1958-v;1958;v;Vänsterpartiet;v;Valmanifest - Riksdagsval;"Hämtat från forskningsprojektet ""Partiernas opinionspåverkan"", finansierat av HSFR, juli 1991-juni 1994. Peter Esaiasson och Niclas Håkansson, Statsvetenskapliga institiutionen vid Göteborgs universitet.";Segern inom räckhåll
v-1960-v;1960;v;Vänsterpartiet;v;Valmanifest - Riksdagsval;"Hämtat från forskningsprojektet ""Partiernas opinionspåverkan"", finansierat av HSFR, juli 1991-juni 1994. Peter Esaiasson och Niclas Håkansson, Statsvetenskapliga institiutionen vid Göteborgs universitet.";Sveriges kommunistiska partiets valmanifest 1960
v-1961-p;1961;v;Vänsterpartiet;p;Partiprogram;Dokumentet är hämtat från Arbetarrörelsens arkiv.;Sveriges kommunistiska parti - Programförklaring 1961
v-1964-v;1964;v;Vänsterpartiet;v;Valmanifest - Riksdagsval;"Hämtat från forskningsprojektet ""Partiernas opinionspåverkan"", finansierat av HSFR, juli 1991-juni 1994. Peter Esaiasson och Niclas Håkansson, Statsvetenskapliga institiutionen vid Göteborgs universitet.";SKP:s valmanifest. Med folket - mot storfinansen
v-1967-p;1967;v;Vänsterpartiet;p;Partiprogram;Dokumentet är hämtat från Arbetarrörelsens arkiv.;Socialistiskt alternativ. Program för Vänsterpartiet kommunisterna 1967
v-1968-v;1968;v;Vänsterpartiet;v;Valmanifest - Riksdagsval;"Hämtat från forskningsprojektet ""Partiernas opinionspåverkan"", finansierat av HSFR, juli 1991-juni 1994. Peter Esaiasson och Niclas Håkansson, Statsvetenskapliga institiutionen vid Göteborgs universitet.";Huvudlinjer för vänsterpolitik.
v-1970-a;1970;v;Vänsterpartiet;a;Andra;"Hämtat från forskningsprojektet ""Partiernas opinionspåverkan"", finansierat av HSFR, juli 1991-juni 1994. Peter Esaiasson och Niclas Håkansson, Statsvetenskapliga institiutionen vid Göteborgs universitet.";För en socialistisk politik.
v-1970-v;1970;v;Vänsterpartiet;v;Valmanifest - Riksdagsval;"Hämtat från forskningsprojektet ""Partiernas opinionspåverkan"", finansierat av HSFR, juli 1991-juni 1994. Peter Esaiasson och Niclas Håkansson, Statsvetenskapliga institiutionen vid Göteborgs universitet.";Valappell
v-1972-p;1972;v;Vänsterpartiet;p;Partiprogram;Inskannat från partiets egna tryckta material;Partiprogram för Vänsterpartiet kommunisterna 1972
v-1973-v;1973;v;Vänsterpartiet;v;Valmanifest - Riksdagsval;"Hämtat från forskningsprojektet ""Partiernas opinionspåverkan"", finansierat av HSFR, juli 1991-juni 1994. Peter Esaiasson och Niclas Håkansson, Statsvetenskapliga institiutionen vid Göteborgs universitet.";VPK:s valmanifest. Med VPK för vänsterseger!
v-1976-v;1976;v;Vänsterpartiet;v;Valmanifest - Riksdagsval;"Hämtat från forskningsprojektet ""Partiernas opinionspåverkan"", finansierat av HSFR, juli 1991-juni 1994. Peter Esaiasson och Niclas Håkansson, Statsvetenskapliga institiutionen vid Göteborgs universitet.";Vpk:s valmanifest: Arbetarpolitik och socialism för en bättre framtid
v-1979-v;1979;v;Vänsterpartiet;v;Valmanifest - Riksdagsval;"Hämtat från forskningsprojektet ""Partiernas opinionspåverkan"", finansierat av HSFR, juli 1991-juni 1994. Peter Esaiasson och Niclas Håkansson, Statsvetenskapliga institiutionen vid Göteborgs universitet.";Program för 80-talet: Radikal arbetarpolitik - vägen till socialism.
v-1981-p;1981;v;Vänsterpartiet;p;Partiprogram;Inskannat från partiets egna tryckta material;Partiprogram för Vänsterpartiet kommunisterna 1981
v-1982-v;1982;v;Vänsterpartiet;v;Valmanifest - Riksdagsval;"Hämtat från forskningsprojektet ""Partiernas opinionspåverkan"", finansierat av HSFR, juli 1991-juni 1994. Peter Esaiasson och Niclas Håkansson, Statsvetenskapliga institiutionen vid Göteborgs universitet.";Valupprop. Vänsterpartiet kommunisterna
v-1985-p;1985;v;Vänsterpartiet;p;Partiprogram;Inskannat från partiets egna tryckta material;Partiprogram för Vänsterpartiet kommunisterna 1985
v-1985-v;1985;v;Vänsterpartiet;v;Valmanifest - Riksdagsval;"Hämtat från forskningsprojektet ""Partiernas opinionspåverkan"", finansierat av HSFR, juli 1991-juni 1994. Peter Esaiasson och Niclas Håkansson, Statsvetenskapliga institiutionen vid Göteborgs universitet.";Politik för socialism på svenska
v-1987-p;1987;v;Vänsterpartiet;p;Partiprogram;Dokumentet är hämtat från Arbetarrörelsens arkiv.;Partiprogram för Vänsterpartiet kommunisterna 1987
v-1988-v;1988;v;Vänsterpartiet;v;Valmanifest - Riksdagsval;"Hämtat från forskningsprojektet ""Partiernas opinionspåverkan"", finansierat av HSFR, juli 1991-juni 1994. Peter Esaiasson och Niclas Håkansson, Statsvetenskapliga institiutionen vid Göteborgs universitet.";Till Sverige 1988. Vänsterpartiet kommunisterna valmanifest
v-1990-p;1990;v;Vänsterpartiet;p;Partiprogram;Inskannat från partiets egna tryckta material;Socialism i vår tid. Vänsterpartiets grundsatser
v-1991-v;1991;v;Vänsterpartiet;v;Valmanifest - Riksdagsval;"Hämtat från forskningsprojektet ""Partiernas opinionspåverkan"", finansierat av HSFR, juli 1991-juni 1994. Peter Esaiasson och Niclas Håkansson, Statsvetenskapliga institiutionen vid Göteborgs universitet.";Arbete, rättvisa, demokrati och grön miljö.
v-1993-c;1993;v;Vänsterpartiet;c;Principprogram;Inskannat från partiets egna tryckta material, via Örebro universitets bibliotek;För en solidarisk värld. Vänsterpartiets principprogram 1993
v-1994-v;1994;v;Vänsterpartiet;v;Valmanifest - Riksdagsval;"Hämtat från forskningsprojektet ""Partiernas opinionspåverkan"", finansierat av HSFR, juli 1991-juni 1994. Peter Esaiasson och Niclas Håkansson, Statsvetenskapliga institiutionen vid Göteborgs universitet.";Det är du som avgör.
v-1996-p;1996;v;Vänsterpartiet;p;Partiprogram;Inskannat från partiets egna tryckta material;Vänsterpartiets partiprogram och stadgar 1996
v-1998-v;1998;v;Vänsterpartiet;v;Valmanifest - Riksdagsval;Hämtat från partiets officiella hemsida.;Vänsterpartiets valplattform 1998
v-2000-p;2000;v;Vänsterpartiet;p;Partiprogram;Hämtat från partiets officiella hemsida.;För en solidarisk värld. Vänsterpartiets partiprogram 2000
v-2002-v;2002;v;Vänsterpartiet;v;Valmanifest - Riksdagsval;Hämtat från partiets officiella hemsida.;Vänsterpartiets valplattform 2002
v-2006-v;2006;v;Vänsterpartiet;v;Valmanifest - Riksdagsval;Hämtat från partiets officiella hemsida.;Arbete Demokrati Rättvisa. Vänsterpartiets valplattform 2006
v-2010-v;2010;v;Vänsterpartiet;v;Valmanifest - Riksdagsval;Hämtat från partiets officiella hemsida.;Vänsterpartiets valplattform 2010
v-2013-p;2013;v;Vänsterpartiet;p;Partiprogram;Hämtat från partiets officiella hemsida.;Vänsterpartiets partiprogram 2013
v-2014-v;2014;v;Vänsterpartiet;v;Valmanifest - Riksdagsval;Hämtat från partiets officiella hemsida.;Vänsterpartiets valplattform för riksdagsvalet 2014
v-2016-p;2016;v;Vänsterpartiet;p;Partiprogram;Hämtat från partiets officiella hemsida.;Vänsterpartiets partiprogram 2016
v-2018-v;2018;v;Vänsterpartiet;v;Valmanifest - Riksdagsval;Hämtat från partiets officiella hemsida.;Vänsterpartiets valplattform 2018
v-2019-v_eu;2019;v;Vänsterpartiet;v_eu;Valmanifest - Europaval;Hämtat från europaportalen.se;Ett Europa för alla, inte bara för de rika
v-2022-v;2022;v;Vänsterpartiet;v;Valmanifest - Riksdagsval;Hämtat från partiets officiella hemsida.;Vänsterpartiets valplattform 2022
